State,Type of Coverage,Number of People,Age Group,Year
Alabama,Employment Based,1758,19-64,2015
Alabama,Employment Based,525,0-18,2015
Alabama,Employment Based,262,65+,2015
Alabama,Direct Purchase,360,19-64,2015
Alabama,Direct Purchase,73,0-18,2015
Alabama,Direct Purchase,244,65+,2015
Alabama,Covered by TRICARE,93,19-64,2015
Alabama,Covered by TRICARE,35,0-18,2015
Alabama,Covered by TRICARE,80,65+,2015
Alabama,Medicaid,357,19-64,2015
Alabama,Medicaid,503,0-18,2015
Alabama,Medicaid,102,65+,2015
Alabama,Medicare,195,19-64,2015
Alabama,Medicare,5,0-18,2015
Alabama,Medicare,726,65+,2015
Alabama,Uninsured,448,19-64,2015
Alabama,Uninsured,34,0-18,2015
Alabama,Uninsured,2,65+,2015
Alaska,Employment Based,268,19-64,2015
Alaska,Employment Based,87,0-18,2015
Alaska,Employment Based,35,65+,2015
Alaska,Direct Purchase,44,19-64,2015
Alaska,Direct Purchase,8,0-18,2015
Alaska,Direct Purchase,12,65+,2015
Alaska,Covered by TRICARE,40,19-64,2015
Alaska,Covered by TRICARE,24,0-18,2015
Alaska,Covered by TRICARE,8,65+,2015
Alaska,Medicaid,52,19-64,2015
Alaska,Medicaid,66,0-18,2015
Alaska,Medicaid,12,65+,2015
Alaska,Medicare,11,19-64,2015
Alaska,Medicare,0,0-18,2015
Alaska,Medicare,67,65+,2015
Alaska,Uninsured,85,19-64,2015
Alaska,Uninsured,20,0-18,2015
Alaska,Uninsured,1,65+,2015
Arizona,Employment Based,2217,19-64,2015
Arizona,Employment Based,778,0-18,2015
Arizona,Employment Based,294,65+,2015
Arizona,Direct Purchase,470,19-64,2015
Arizona,Direct Purchase,134,0-18,2015
Arizona,Direct Purchase,350,65+,2015
Arizona,Covered by TRICARE,95,19-64,2015
Arizona,Covered by TRICARE,40,0-18,2015
Arizona,Covered by TRICARE,86,65+,2015
Arizona,Medicaid,744,19-64,2015
Arizona,Medicaid,622,0-18,2015
Arizona,Medicaid,127,65+,2015
Arizona,Medicare,146,19-64,2015
Arizona,Medicare,13,0-18,2015
Arizona,Medicare,1064,65+,2015
Arizona,Uninsured,582,19-64,2015
Arizona,Uninsured,134,0-18,2015
Arizona,Uninsured,12,65+,2015
Arkansas,Employment Based,969,19-64,2015
Arkansas,Employment Based,279,0-18,2015
Arkansas,Employment Based,117,65+,2015
Arkansas,Direct Purchase,224,19-64,2015
Arkansas,Direct Purchase,44,0-18,2015
Arkansas,Direct Purchase,164,65+,2015
Arkansas,Covered by TRICARE,39,19-64,2015
Arkansas,Covered by TRICARE,15,0-18,2015
Arkansas,Covered by TRICARE,42,65+,2015
Arkansas,Medicaid,317,19-64,2015
Arkansas,Medicaid,365,0-18,2015
Arkansas,Medicaid,64,65+,2015
Arkansas,Medicare,123,19-64,2015
Arkansas,Medicare,5,0-18,2015
Arkansas,Medicare,449,65+,2015
Arkansas,Uninsured,239,19-64,2015
Arkansas,Uninsured,35,0-18,2015
Arkansas,Uninsured,3,65+,2015
California,Employment Based,13688,19-64,2015
California,Employment Based,4282,0-18,2015
California,Employment Based,1582,65+,2015
California,Direct Purchase,3005,19-64,2015
California,Direct Purchase,685,0-18,2015
California,Direct Purchase,1178,65+,2015
California,Covered by TRICARE,313,19-64,2015
California,Covered by TRICARE,150,0-18,2015
California,Covered by TRICARE,214,65+,2015
California,Medicaid,5152,19-64,2015
California,Medicaid,4092,0-18,2015
California,Medicaid,1028,65+,2015
California,Medicare,713,19-64,2015
California,Medicare,67,0-18,2015
California,Medicare,4814,65+,2015
California,Uninsured,2953,19-64,2015
California,Uninsured,302,0-18,2015
California,Uninsured,62,65+,2015
Colorado,Employment Based,2080,19-64,2015
Colorado,Employment Based,654,0-18,2015
Colorado,Employment Based,214,65+,2015
Colorado,Direct Purchase,459,19-64,2015
Colorado,Direct Purchase,117,0-18,2015
Colorado,Direct Purchase,226,65+,2015
Colorado,Covered by TRICARE,109,19-64,2015
Colorado,Covered by TRICARE,52,0-18,2015
Colorado,Covered by TRICARE,62,65+,2015
Colorado,Medicaid,502,19-64,2015
Colorado,Medicaid,444,0-18,2015
Colorado,Medicaid,78,65+,2015
Colorado,Medicare,92,19-64,2015
Colorado,Medicare,10,0-18,2015
Colorado,Medicare,666,65+,2015
Colorado,Uninsured,376,19-64,2015
Colorado,Uninsured,52,0-18,2015
Colorado,Uninsured,5,65+,2015
Connecticut,Employment Based,1473,19-64,2015
Connecticut,Employment Based,466,0-18,2015
Connecticut,Employment Based,209,65+,2015
Connecticut,Direct Purchase,247,19-64,2015
Connecticut,Direct Purchase,44,0-18,2015
Connecticut,Direct Purchase,164,65+,2015
Connecticut,Covered by TRICARE,21,19-64,2015
Connecticut,Covered by TRICARE,7,0-18,2015
Connecticut,Covered by TRICARE,15,65+,2015
Connecticut,Medicaid,364,19-64,2015
Connecticut,Medicaid,254,0-18,2015
Connecticut,Medicaid,75,65+,2015
Connecticut,Medicare,69,19-64,2015
Connecticut,Medicare,4,0-18,2015
Connecticut,Medicare,517,65+,2015
Connecticut,Uninsured,182,19-64,2015
Connecticut,Uninsured,25,0-18,2015
Connecticut,Uninsured,4,65+,2015
Delaware,Employment Based,373,19-64,2015
Delaware,Employment Based,117,0-18,2015
Delaware,Employment Based,74,65+,2015
Delaware,Direct Purchase,54,19-64,2015
Delaware,Direct Purchase,11,0-18,2015
Delaware,Direct Purchase,42,65+,2015
Delaware,Covered by TRICARE,15,19-64,2015
Delaware,Covered by TRICARE,4,0-18,2015
Delaware,Covered by TRICARE,15,65+,2015
Delaware,Medicaid,99,19-64,2015
Delaware,Medicaid,79,0-18,2015
Delaware,Medicaid,13,65+,2015
Delaware,Medicare,26,19-64,2015
Delaware,Medicare,2,0-18,2015
Delaware,Medicare,151,65+,2015
Delaware,Uninsured,46,19-64,2015
Delaware,Uninsured,6,0-18,2015
Delaware,Uninsured,2,65+,2015
District of Columbia,Employment Based,297,19-64,2015
District of Columbia,Employment Based,54,0-18,2015
District of Columbia,Employment Based,37,65+,2015
District of Columbia,Direct Purchase,70,19-64,2015
District of Columbia,Direct Purchase,6,0-18,2015
District of Columbia,Direct Purchase,18,65+,2015
District of Columbia,Covered by TRICARE,7,19-64,2015
District of Columbia,Covered by TRICARE,2,0-18,2015
District of Columbia,Covered by TRICARE,3,65+,2015
District of Columbia,Medicaid,98,19-64,2015
District of Columbia,Medicaid,57,0-18,2015
District of Columbia,Medicaid,16,65+,2015
District of Columbia,Medicare,14,19-64,2015
District of Columbia,Medicare,1,0-18,2015
District of Columbia,Medicare,68,65+,2015
District of Columbia,Uninsured,22,19-64,2015
District of Columbia,Uninsured,2,0-18,2015
District of Columbia,Uninsured,1,65+,2015
Florida,Employment Based,6191,19-64,2015
Florida,Employment Based,1646,0-18,2015
Florida,Employment Based,1010,65+,2015
Florida,Direct Purchase,1952,19-64,2015
Florida,Direct Purchase,376,0-18,2015
Florida,Direct Purchase,1111,65+,2015
Florida,Covered by TRICARE,324,19-64,2015
Florida,Covered by TRICARE,120,0-18,2015
Florida,Covered by TRICARE,272,65+,2015
Florida,Medicaid,1421,19-64,2015
Florida,Medicaid,1820,0-18,2015
Florida,Medicaid,552,65+,2015
Florida,Medicare,497,19-64,2015
Florida,Medicare,23,0-18,2015
Florida,Medicare,3712,65+,2015
Florida,Uninsured,2325,19-64,2015
Florida,Uninsured,284,0-18,2015
Florida,Uninsured,53,65+,2015
Georgia,Employment Based,3676,19-64,2015
Georgia,Employment Based,1130,0-18,2015
Georgia,Employment Based,435,65+,2015
Georgia,Direct Purchase,767,19-64,2015
Georgia,Direct Purchase,164,0-18,2015
Georgia,Direct Purchase,352,65+,2015
Georgia,Covered by TRICARE,196,19-64,2015
Georgia,Covered by TRICARE,90,0-18,2015
Georgia,Covered by TRICARE,105,65+,2015
Georgia,Medicaid,573,19-64,2015
Georgia,Medicaid,1051,0-18,2015
Georgia,Medicaid,181,65+,2015
Georgia,Medicare,243,19-64,2015
Georgia,Medicare,16,0-18,2015
Georgia,Medicare,1226,65+,2015
Georgia,Uninsured,1211,19-64,2015
Georgia,Uninsured,166,0-18,2015
Georgia,Uninsured,11,65+,2015
Hawaii,Employment Based,580,19-64,2015
Hawaii,Employment Based,172,0-18,2015
Hawaii,Employment Based,115,65+,2015
Hawaii,Direct Purchase,83,19-64,2015
Hawaii,Direct Purchase,21,0-18,2015
Hawaii,Direct Purchase,56,65+,2015
Hawaii,Covered by TRICARE,61,19-64,2015
Hawaii,Covered by TRICARE,43,0-18,2015
Hawaii,Covered by TRICARE,20,65+,2015
Hawaii,Medicaid,114,19-64,2015
Hawaii,Medicaid,102,0-18,2015
Hawaii,Medicaid,29,65+,2015
Hawaii,Medicare,21,19-64,2015
Hawaii,Medicare,1,0-18,2015
Hawaii,Medicare,218,65+,2015
Hawaii,Uninsured,48,19-64,2015
Hawaii,Uninsured,5,0-18,2015
Hawaii,Uninsured,1,65+,2015
Idaho,Employment Based,557,19-64,2015
Idaho,Employment Based,218,0-18,2015
Idaho,Employment Based,61,65+,2015
Idaho,Direct Purchase,166,19-64,2015
Idaho,Direct Purchase,42,0-18,2015
Idaho,Direct Purchase,99,65+,2015
Idaho,Covered by TRICARE,23,19-64,2015
Idaho,Covered by TRICARE,8,0-18,2015
Idaho,Covered by TRICARE,19,65+,2015
Idaho,Medicaid,96,19-64,2015
Idaho,Medicaid,163,0-18,2015
Idaho,Medicaid,25,65+,2015
Idaho,Medicare,38,19-64,2015
Idaho,Medicare,1,0-18,2015
Idaho,Medicare,235,65+,2015
Idaho,Uninsured,155,19-64,2015
Idaho,Uninsured,25,0-18,2015
Idaho,Uninsured,0,65+,2015
Illinois,Employment Based,5132,19-64,2015
Illinois,Employment Based,1614,0-18,2015
Illinois,Employment Based,613,65+,2015
Illinois,Direct Purchase,908,19-64,2015
Illinois,Direct Purchase,179,0-18,2015
Illinois,Direct Purchase,625,65+,2015
Illinois,Covered by TRICARE,75,19-64,2015
Illinois,Covered by TRICARE,30,0-18,2015
Illinois,Covered by TRICARE,45,65+,2015
Illinois,Medicaid,1208,19-64,2015
Illinois,Medicaid,1172,0-18,2015
Illinois,Medicaid,189,65+,2015
Illinois,Medicare,247,19-64,2015
Illinois,Medicare,14,0-18,2015
Illinois,Medicare,1688,65+,2015
Illinois,Uninsured,810,19-64,2015
Illinois,Uninsured,75,0-18,2015
Illinois,Uninsured,15,65+,2015
Indiana,Employment Based,2639,19-64,2015
Indiana,Employment Based,887,0-18,2015
Indiana,Employment Based,299,65+,2015
Indiana,Direct Purchase,428,19-64,2015
Indiana,Direct Purchase,81,0-18,2015
Indiana,Direct Purchase,365,65+,2015
Indiana,Covered by TRICARE,46,19-64,2015
Indiana,Covered by TRICARE,14,0-18,2015
Indiana,Covered by TRICARE,35,65+,2015
Indiana,Medicaid,463,19-64,2015
Indiana,Medicaid,550,0-18,2015
Indiana,Medicaid,84,65+,2015
Indiana,Medicare,178,19-64,2015
Indiana,Medicare,8,0-18,2015
Indiana,Medicare,905,65+,2015
Indiana,Uninsured,518,19-64,2015
Indiana,Uninsured,106,0-18,2015
Indiana,Uninsured,4,65+,2015
Iowa,Employment Based,1298,19-64,2015
Iowa,Employment Based,438,0-18,2015
Iowa,Employment Based,126,65+,2015
Iowa,Direct Purchase,248,19-64,2015
Iowa,Direct Purchase,58,0-18,2015
Iowa,Direct Purchase,245,65+,2015
Iowa,Covered by TRICARE,24,19-64,2015
Iowa,Covered by TRICARE,10,0-18,2015
Iowa,Covered by TRICARE,18,65+,2015
Iowa,Medicaid,256,19-64,2015
Iowa,Medicaid,256,0-18,2015
Iowa,Medicaid,54,65+,2015
Iowa,Medicare,63,19-64,2015
Iowa,Medicare,5,0-18,2015
Iowa,Medicare,467,65+,2015
Iowa,Uninsured,128,19-64,2015
Iowa,Uninsured,26,0-18,2015
Iowa,Uninsured,1,65+,2015
Kansas,Employment Based,1145,19-64,2015
Kansas,Employment Based,406,0-18,2015
Kansas,Employment Based,108,65+,2015
Kansas,Direct Purchase,243,19-64,2015
Kansas,Direct Purchase,63,0-18,2015
Kansas,Direct Purchase,186,65+,2015
Kansas,Covered by TRICARE,50,19-64,2015
Kansas,Covered by TRICARE,29,0-18,2015
Kansas,Covered by TRICARE,26,65+,2015
Kansas,Medicaid,130,19-64,2015
Kansas,Medicaid,229,0-18,2015
Kansas,Medicaid,38,65+,2015
Kansas,Medicare,62,19-64,2015
Kansas,Medicare,2,0-18,2015
Kansas,Medicare,394,65+,2015
Kansas,Uninsured,222,19-64,2015
Kansas,Uninsured,37,0-18,2015
Kansas,Uninsured,1,65+,2015
Kentucky,Employment Based,1585,19-64,2015
Kentucky,Employment Based,497,0-18,2015
Kentucky,Employment Based,234,65+,2015
Kentucky,Direct Purchase,265,19-64,2015
Kentucky,Direct Purchase,62,0-18,2015
Kentucky,Direct Purchase,215,65+,2015
Kentucky,Covered by TRICARE,60,19-64,2015
Kentucky,Covered by TRICARE,28,0-18,2015
Kentucky,Covered by TRICARE,37,65+,2015
Kentucky,Medicaid,608,19-64,2015
Kentucky,Medicaid,433,0-18,2015
Kentucky,Medicaid,95,65+,2015
Kentucky,Medicare,183,19-64,2015
Kentucky,Medicare,8,0-18,2015
Kentucky,Medicare,636,65+,2015
Kentucky,Uninsured,216,19-64,2015
Kentucky,Uninsured,43,0-18,2015
Kentucky,Uninsured,2,65+,2015
Louisiana,Employment Based,1605,19-64,2015
Louisiana,Employment Based,488,0-18,2015
Louisiana,Employment Based,202,65+,2015
Louisiana,Direct Purchase,336,19-64,2015
Louisiana,Direct Purchase,61,0-18,2015
Louisiana,Direct Purchase,177,65+,2015
Louisiana,Covered by TRICARE,61,19-64,2015
Louisiana,Covered by TRICARE,33,0-18,2015
Louisiana,Covered by TRICARE,35,65+,2015
Louisiana,Medicaid,377,19-64,2015
Louisiana,Medicaid,549,0-18,2015
Louisiana,Medicaid,107,65+,2015
Louisiana,Medicare,151,19-64,2015
Louisiana,Medicare,7,0-18,2015
Louisiana,Medicare,608,65+,2015
Louisiana,Uninsured,503,19-64,2015
Louisiana,Uninsured,40,0-18,2015
Louisiana,Uninsured,3,65+,2015
Maine,Employment Based,492,19-64,2015
Maine,Employment Based,139,0-18,2015
Maine,Employment Based,71,65+,2015
Maine,Direct Purchase,105,19-64,2015
Maine,Direct Purchase,18,0-18,2015
Maine,Direct Purchase,80,65+,2015
Maine,Covered by TRICARE,17,19-64,2015
Maine,Covered by TRICARE,6,0-18,2015
Maine,Covered by TRICARE,20,65+,2015
Maine,Medicaid,128,19-64,2015
Maine,Medicaid,94,0-18,2015
Maine,Medicaid,42,65+,2015
Maine,Medicare,51,19-64,2015
Maine,Medicare,1,0-18,2015
Maine,Medicare,237,65+,2015
Maine,Uninsured,96,19-64,2015
Maine,Uninsured,14,0-18,2015
Maine,Uninsured,0,65+,2015
Maryland,Employment Based,2528,19-64,2015
Maryland,Employment Based,765,0-18,2015
Maryland,Employment Based,408,65+,2015
Maryland,Direct Purchase,421,19-64,2015
Maryland,Direct Purchase,94,0-18,2015
Maryland,Direct Purchase,236,65+,2015
Maryland,Covered by TRICARE,108,19-64,2015
Maryland,Covered by TRICARE,53,0-18,2015
Maryland,Covered by TRICARE,57,65+,2015
Maryland,Medicaid,509,19-64,2015
Maryland,Medicaid,453,0-18,2015
Maryland,Medicaid,96,65+,2015
Maryland,Medicare,118,19-64,2015
Maryland,Medicare,11,0-18,2015
Maryland,Medicare,775,65+,2015
Maryland,Uninsured,328,19-64,2015
Maryland,Uninsured,52,0-18,2015
Maryland,Uninsured,9,65+,2015
Massachusetts,Employment Based,2936,19-64,2015
Massachusetts,Employment Based,882,0-18,2015
Massachusetts,Employment Based,414,65+,2015
Massachusetts,Direct Purchase,458,19-64,2015
Massachusetts,Direct Purchase,86,0-18,2015
Massachusetts,Direct Purchase,327,65+,2015
Massachusetts,Covered by TRICARE,31,19-64,2015
Massachusetts,Covered by TRICARE,9,0-18,2015
Massachusetts,Covered by TRICARE,33,65+,2015
Massachusetts,Medicaid,935,19-64,2015
Massachusetts,Medicaid,485,0-18,2015
Massachusetts,Medicaid,169,65+,2015
Massachusetts,Medicare,147,19-64,2015
Massachusetts,Medicare,5,0-18,2015
Massachusetts,Medicare,953,65+,2015
Massachusetts,Uninsured,170,19-64,2015
Massachusetts,Uninsured,16,0-18,2015
Massachusetts,Uninsured,4,65+,2015
Michigan,Employment Based,3878,19-64,2015
Michigan,Employment Based,1259,0-18,2015
Michigan,Employment Based,739,65+,2015
Michigan,Direct Purchase,654,19-64,2015
Michigan,Direct Purchase,118,0-18,2015
Michigan,Direct Purchase,533,65+,2015
Michigan,Covered by TRICARE,55,19-64,2015
Michigan,Covered by TRICARE,22,0-18,2015
Michigan,Covered by TRICARE,41,65+,2015
Michigan,Medicaid,1147,19-64,2015
Michigan,Medicaid,878,0-18,2015
Michigan,Medicaid,184,65+,2015
Michigan,Medicare,312,19-64,2015
Michigan,Medicare,9,0-18,2015
Michigan,Medicare,1499,65+,2015
Michigan,Uninsured,524,19-64,2015
Michigan,Uninsured,68,0-18,2015
Michigan,Uninsured,5,65+,2015
Minnesota,Employment Based,2304,19-64,2015
Minnesota,Employment Based,811,0-18,2015
Minnesota,Employment Based,204,65+,2015
Minnesota,Direct Purchase,424,19-64,2015
Minnesota,Direct Purchase,102,0-18,2015
Minnesota,Direct Purchase,402,65+,2015
Minnesota,Covered by TRICARE,32,19-64,2015
Minnesota,Covered by TRICARE,12,0-18,2015
Minnesota,Covered by TRICARE,30,65+,2015
Minnesota,Medicaid,513,19-64,2015
Minnesota,Medicaid,399,0-18,2015
Minnesota,Medicaid,75,65+,2015
Minnesota,Medicare,102,19-64,2015
Minnesota,Medicare,3,0-18,2015
Minnesota,Medicare,755,65+,2015
Minnesota,Uninsured,204,19-64,2015
Minnesota,Uninsured,39,0-18,2015
Minnesota,Uninsured,2,65+,2015
Mississippi,Employment Based,959,19-64,2015
Mississippi,Employment Based,262,0-18,2015
Mississippi,Employment Based,105,65+,2015
Mississippi,Direct Purchase,198,19-64,2015
Mississippi,Direct Purchase,46,0-18,2015
Mississippi,Direct Purchase,138,65+,2015
Mississippi,Covered by TRICARE,49,19-64,2015
Mississippi,Covered by TRICARE,20,0-18,2015
Mississippi,Covered by TRICARE,40,65+,2015
Mississippi,Medicaid,267,19-64,2015
Mississippi,Medicaid,399,0-18,2015
Mississippi,Medicaid,85,65+,2015
Mississippi,Medicare,120,19-64,2015
Mississippi,Medicare,4,0-18,2015
Mississippi,Medicare,419,65+,2015
Mississippi,Uninsured,341,19-64,2015
Mississippi,Uninsured,29,0-18,2015
Mississippi,Uninsured,1,65+,2015
Missouri,Employment Based,2365,19-64,2015
Missouri,Employment Based,759,0-18,2015
Missouri,Employment Based,265,65+,2015
Missouri,Direct Purchase,451,19-64,2015
Missouri,Direct Purchase,120,0-18,2015
Missouri,Direct Purchase,329,65+,2015
Missouri,Covered by TRICARE,71,19-64,2015
Missouri,Covered by TRICARE,29,0-18,2015
Missouri,Covered by TRICARE,53,65+,2015
Missouri,Medicaid,338,19-64,2015
Missouri,Medicaid,462,0-18,2015
Missouri,Medicaid,86,65+,2015
Missouri,Medicare,187,19-64,2015
Missouri,Medicare,7,0-18,2015
Missouri,Medicare,887,65+,2015
Missouri,Uninsured,498,19-64,2015
Missouri,Uninsured,80,0-18,2015
Missouri,Uninsured,5,65+,2015
Montana,Employment Based,355,19-64,2015
Montana,Employment Based,108,0-18,2015
Montana,Employment Based,47,65+,2015
Montana,Direct Purchase,105,19-64,2015
Montana,Direct Purchase,24,0-18,2015
Montana,Direct Purchase,71,65+,2015
Montana,Covered by TRICARE,16,19-64,2015
Montana,Covered by TRICARE,7,0-18,2015
Montana,Covered by TRICARE,12,65+,2015
Montana,Medicaid,56,19-64,2015
Montana,Medicaid,81,0-18,2015
Montana,Medicaid,15,65+,2015
Montana,Medicare,25,19-64,2015
Montana,Medicare,1,0-18,2015
Montana,Medicare,170,65+,2015
Montana,Uninsured,101,19-64,2015
Montana,Uninsured,17,0-18,2015
Montana,Uninsured,0,65+,2015
Nebraska,Employment Based,763,19-64,2015
Nebraska,Employment Based,274,0-18,2015
Nebraska,Employment Based,63,65+,2015
Nebraska,Direct Purchase,175,19-64,2015
Nebraska,Direct Purchase,49,0-18,2015
Nebraska,Direct Purchase,117,65+,2015
Nebraska,Covered by TRICARE,28,19-64,2015
Nebraska,Covered by TRICARE,14,0-18,2015
Nebraska,Covered by TRICARE,17,65+,2015
Nebraska,Medicaid,78,19-64,2015
Nebraska,Medicaid,134,0-18,2015
Nebraska,Medicaid,27,65+,2015
Nebraska,Medicare,35,19-64,2015
Nebraska,Medicare,3,0-18,2015
Nebraska,Medicare,258,65+,2015
Nebraska,Uninsured,128,19-64,2015
Nebraska,Uninsured,25,0-18,2015
Nebraska,Uninsured,1,65+,2015
Nevada,Employment Based,1036,19-64,2015
Nevada,Employment Based,347,0-18,2015
Nevada,Employment Based,122,65+,2015
Nevada,Direct Purchase,183,19-64,2015
Nevada,Direct Purchase,45,0-18,2015
Nevada,Direct Purchase,99,65+,2015
Nevada,Covered by TRICARE,48,19-64,2015
Nevada,Covered by TRICARE,18,0-18,2015
Nevada,Covered by TRICARE,37,65+,2015
Nevada,Medicaid,249,19-64,2015
Nevada,Medicaid,236,0-18,2015
Nevada,Medicaid,48,65+,2015
Nevada,Medicare,64,19-64,2015
Nevada,Medicare,7,0-18,2015
Nevada,Medicare,393,65+,2015
Nevada,Uninsured,291,19-64,2015
Nevada,Uninsured,50,0-18,2015
Nevada,Uninsured,10,65+,2015
New Hampshire,Employment Based,600,19-64,2015
New Hampshire,Employment Based,171,0-18,2015
New Hampshire,Employment Based,83,65+,2015
New Hampshire,Direct Purchase,90,19-64,2015
New Hampshire,Direct Purchase,17,0-18,2015
New Hampshire,Direct Purchase,76,65+,2015
New Hampshire,Covered by TRICARE,13,19-64,2015
New Hampshire,Covered by TRICARE,4,0-18,2015
New Hampshire,Covered by TRICARE,15,65+,2015
New Hampshire,Medicaid,77,19-64,2015
New Hampshire,Medicaid,76,0-18,2015
New Hampshire,Medicaid,15,65+,2015
New Hampshire,Medicare,34,19-64,2015
New Hampshire,Medicare,1,0-18,2015
New Hampshire,Medicare,204,65+,2015
New Hampshire,Uninsured,76,19-64,2015
New Hampshire,Uninsured,7,0-18,2015
New Hampshire,Uninsured,1,65+,2015
New Jersey,Employment Based,3721,19-64,2015
New Jersey,Employment Based,1215,0-18,2015
New Jersey,Employment Based,514,65+,2015
New Jersey,Direct Purchase,512,19-64,2015
New Jersey,Direct Purchase,121,0-18,2015
New Jersey,Direct Purchase,381,65+,2015
New Jersey,Covered by TRICARE,32,19-64,2015
New Jersey,Covered by TRICARE,15,0-18,2015
New Jersey,Covered by TRICARE,34,65+,2015
New Jersey,Medicaid,733,19-64,2015
New Jersey,Medicaid,641,0-18,2015
New Jersey,Medicaid,166,65+,2015
New Jersey,Medicare,169,19-64,2015
New Jersey,Medicare,13,0-18,2015
New Jersey,Medicare,1238,65+,2015
New Jersey,Uninsured,679,19-64,2015
New Jersey,Uninsured,75,0-18,2015
New Jersey,Uninsured,17,65+,2015
New Mexico,Employment Based,598,19-64,2015
New Mexico,Employment Based,184,0-18,2015
New Mexico,Employment Based,102,65+,2015
New Mexico,Direct Purchase,116,19-64,2015
New Mexico,Direct Purchase,22,0-18,2015
New Mexico,Direct Purchase,81,65+,2015
New Mexico,Covered by TRICARE,38,19-64,2015
New Mexico,Covered by TRICARE,20,0-18,2015
New Mexico,Covered by TRICARE,30,65+,2015
New Mexico,Medicaid,312,19-64,2015
New Mexico,Medicaid,278,0-18,2015
New Mexico,Medicaid,47,65+,2015
New Mexico,Medicare,60,19-64,2015
New Mexico,Medicare,4,0-18,2015
New Mexico,Medicare,313,65+,2015
New Mexico,Uninsured,199,19-64,2015
New Mexico,Uninsured,22,0-18,2015
New Mexico,Uninsured,3,65+,2015
New York,Employment Based,7614,19-64,2015
New York,Employment Based,2152,0-18,2015
New York,Employment Based,1129,65+,2015
New York,Direct Purchase,1279,19-64,2015
New York,Direct Purchase,386,0-18,2015
New York,Direct Purchase,718,65+,2015
New York,Covered by TRICARE,83,19-64,2015
New York,Covered by TRICARE,35,0-18,2015
New York,Covered by TRICARE,58,65+,2015
New York,Medicaid,2678,19-64,2015
New York,Medicaid,1800,0-18,2015
New York,Medicaid,562,65+,2015
New York,Medicare,443,19-64,2015
New York,Medicare,22,0-18,2015
New York,Medicare,2737,65+,2015
New York,Uninsured,1253,19-64,2015
New York,Uninsured,104,0-18,2015
New York,Uninsured,23,65+,2015
North Carolina,Employment Based,3497,19-64,2015
North Carolina,Employment Based,988,0-18,2015
North Carolina,Employment Based,450,65+,2015
North Carolina,Direct Purchase,878,19-64,2015
North Carolina,Direct Purchase,188,0-18,2015
North Carolina,Direct Purchase,525,65+,2015
North Carolina,Covered by TRICARE,212,19-64,2015
North Carolina,Covered by TRICARE,115,0-18,2015
North Carolina,Covered by TRICARE,122,65+,2015
North Carolina,Medicaid,682,19-64,2015
North Carolina,Medicaid,989,0-18,2015
North Carolina,Medicaid,180,65+,2015
North Carolina,Medicare,297,19-64,2015
North Carolina,Medicare,10,0-18,2015
North Carolina,Medicare,1435,65+,2015
North Carolina,Uninsured,997,19-64,2015
North Carolina,Uninsured,99,0-18,2015
North Carolina,Uninsured,7,65+,2015
North Dakota,Employment Based,316,19-64,2015
North Dakota,Employment Based,107,0-18,2015
North Dakota,Employment Based,27,65+,2015
North Dakota,Direct Purchase,82,19-64,2015
North Dakota,Direct Purchase,23,0-18,2015
North Dakota,Direct Purchase,51,65+,2015
North Dakota,Covered by TRICARE,16,19-64,2015
North Dakota,Covered by TRICARE,8,0-18,2015
North Dakota,Covered by TRICARE,5,65+,2015
North Dakota,Medicaid,35,19-64,2015
North Dakota,Medicaid,29,0-18,2015
North Dakota,Medicaid,10,65+,2015
North Dakota,Medicare,14,19-64,2015
North Dakota,Medicare,1,0-18,2015
North Dakota,Medicare,99,65+,2015
North Dakota,Uninsured,44,19-64,2015
North Dakota,Uninsured,13,0-18,2015
North Dakota,Uninsured,0,65+,2015
Ohio,Employment Based,4624,19-64,2015
Ohio,Employment Based,1514,0-18,2015
Ohio,Employment Based,693,65+,2015
Ohio,Direct Purchase,633,19-64,2015
Ohio,Direct Purchase,137,0-18,2015
Ohio,Direct Purchase,560,65+,2015
Ohio,Covered by TRICARE,83,19-64,2015
Ohio,Covered by TRICARE,32,0-18,2015
Ohio,Covered by TRICARE,67,65+,2015
Ohio,Medicaid,1213,19-64,2015
Ohio,Medicaid,981,0-18,2015
Ohio,Medicaid,172,65+,2015
Ohio,Medicare,305,19-64,2015
Ohio,Medicare,21,0-18,2015
Ohio,Medicare,1711,65+,2015
Ohio,Uninsured,622,19-64,2015
Ohio,Uninsured,115,0-18,2015
Ohio,Uninsured,9,65+,2015
Oklahoma,Employment Based,1341,19-64,2015
Oklahoma,Employment Based,427,0-18,2015
Oklahoma,Employment Based,180,65+,2015
Oklahoma,Direct Purchase,267,19-64,2015
Oklahoma,Direct Purchase,65,0-18,2015
Oklahoma,Direct Purchase,191,65+,2015
Oklahoma,Covered by TRICARE,64,19-64,2015
Oklahoma,Covered by TRICARE,36,0-18,2015
Oklahoma,Covered by TRICARE,48,65+,2015
Oklahoma,Medicaid,209,19-64,2015
Oklahoma,Medicaid,401,0-18,2015
Oklahoma,Medicaid,60,65+,2015
Oklahoma,Medicare,115,19-64,2015
Oklahoma,Medicare,19,0-18,2015
Oklahoma,Medicare,540,65+,2015
Oklahoma,Uninsured,458,19-64,2015
Oklahoma,Uninsured,71,0-18,2015
Oklahoma,Uninsured,3,65+,2015
Oregon,Employment Based,1459,19-64,2015
Oregon,Employment Based,432,0-18,2015
Oregon,Employment Based,179,65+,2015
Oregon,Direct Purchase,324,19-64,2015
Oregon,Direct Purchase,71,0-18,2015
Oregon,Direct Purchase,259,65+,2015
Oregon,Covered by TRICARE,35,19-64,2015
Oregon,Covered by TRICARE,13,0-18,2015
Oregon,Covered by TRICARE,36,65+,2015
Oregon,Medicaid,507,19-64,2015
Oregon,Medicaid,374,0-18,2015
Oregon,Medicaid,78,65+,2015
Oregon,Medicare,97,19-64,2015
Oregon,Medicare,2,0-18,2015
Oregon,Medicare,631,65+,2015
Oregon,Uninsured,247,19-64,2015
Oregon,Uninsured,31,0-18,2015
Oregon,Uninsured,2,65+,2015
Pennsylvania,Employment Based,5255,19-64,2015
Pennsylvania,Employment Based,1545,0-18,2015
Pennsylvania,Employment Based,702,65+,2015
Pennsylvania,Direct Purchase,957,19-64,2015
Pennsylvania,Direct Purchase,189,0-18,2015
Pennsylvania,Direct Purchase,868,65+,2015
Pennsylvania,Covered by TRICARE,74,19-64,2015
Pennsylvania,Covered by TRICARE,21,0-18,2015
Pennsylvania,Covered by TRICARE,72,65+,2015
Pennsylvania,Medicaid,1096,19-64,2015
Pennsylvania,Medicaid,989,0-18,2015
Pennsylvania,Medicaid,249,65+,2015
Pennsylvania,Medicare,320,19-64,2015
Pennsylvania,Medicare,16,0-18,2015
Pennsylvania,Medicare,2040,65+,2015
Pennsylvania,Uninsured,681,19-64,2015
Pennsylvania,Uninsured,111,0-18,2015
Pennsylvania,Uninsured,10,65+,2015
Rhode Island,Employment Based,427,19-64,2015
Rhode Island,Employment Based,124,0-18,2015
Rhode Island,Employment Based,46,65+,2015
Rhode Island,Direct Purchase,80,19-64,2015
Rhode Island,Direct Purchase,13,0-18,2015
Rhode Island,Direct Purchase,59,65+,2015
Rhode Island,Covered by TRICARE,8,19-64,2015
Rhode Island,Covered by TRICARE,4,0-18,2015
Rhode Island,Covered by TRICARE,9,65+,2015
Rhode Island,Medicaid,130,19-64,2015
Rhode Island,Medicaid,78,0-18,2015
Rhode Island,Medicaid,23,65+,2015
Rhode Island,Medicare,27,19-64,2015
Rhode Island,Medicare,1,0-18,2015
Rhode Island,Medicare,157,65+,2015
Rhode Island,Uninsured,52,19-64,2015
Rhode Island,Uninsured,7,0-18,2015
Rhode Island,Uninsured,1,65+,2015
South Carolina,Employment Based,1735,19-64,2015
South Carolina,Employment Based,504,0-18,2015
South Carolina,Employment Based,248,65+,2015
South Carolina,Direct Purchase,343,19-64,2015
South Carolina,Direct Purchase,79,0-18,2015
South Carolina,Direct Purchase,252,65+,2015
South Carolina,Covered by TRICARE,103,19-64,2015
South Carolina,Covered by TRICARE,39,0-18,2015
South Carolina,Covered by TRICARE,79,65+,2015
South Carolina,Medicaid,367,19-64,2015
South Carolina,Medicaid,479,0-18,2015
South Carolina,Medicaid,96,65+,2015
South Carolina,Medicare,153,19-64,2015
South Carolina,Medicare,6,0-18,2015
South Carolina,Medicare,759,65+,2015
South Carolina,Uninsured,476,19-64,2015
South Carolina,Uninsured,44,0-18,2015
South Carolina,Uninsured,4,65+,2015
South Dakota,Employment Based,316,19-64,2015
South Dakota,Employment Based,108,0-18,2015
South Dakota,Employment Based,25,65+,2015
South Dakota,Direct Purchase,81,19-64,2015
South Dakota,Direct Purchase,23,0-18,2015
South Dakota,Direct Purchase,58,65+,2015
South Dakota,Covered by TRICARE,17,19-64,2015
South Dakota,Covered by TRICARE,8,0-18,2015
South Dakota,Covered by TRICARE,9,65+,2015
South Dakota,Medicaid,39,19-64,2015
South Dakota,Medicaid,69,0-18,2015
South Dakota,Medicaid,13,65+,2015
South Dakota,Medicare,17,19-64,2015
South Dakota,Medicare,1,0-18,2015
South Dakota,Medicare,126,65+,2015
South Dakota,Uninsured,72,19-64,2015
South Dakota,Uninsured,14,0-18,2015
South Dakota,Uninsured,0,65+,2015
Tennessee,Employment Based,2363,19-64,2015
Tennessee,Employment Based,727,0-18,2015
Tennessee,Employment Based,279,65+,2015
Tennessee,Direct Purchase,485,19-64,2015
Tennessee,Direct Purchase,109,0-18,2015
Tennessee,Direct Purchase,338,65+,2015
Tennessee,Covered by TRICARE,102,19-64,2015
Tennessee,Covered by TRICARE,47,0-18,2015
Tennessee,Covered by TRICARE,75,65+,2015
Tennessee,Medicaid,558,19-64,2015
Tennessee,Medicaid,623,0-18,2015
Tennessee,Medicaid,132,65+,2015
Tennessee,Medicare,211,19-64,2015
Tennessee,Medicare,12,0-18,2015
Tennessee,Medicare,962,65+,2015
Tennessee,Uninsured,601,19-64,2015
Tennessee,Uninsured,62,0-18,2015
Tennessee,Uninsured,5,65+,2015
Texas,Employment Based,9585,19-64,2015
Texas,Employment Based,3164,0-18,2015
Texas,Employment Based,960,65+,2015
Texas,Direct Purchase,1847,19-64,2015
Texas,Direct Purchase,475,0-18,2015
Texas,Direct Purchase,814,65+,2015
Texas,Covered by TRICARE,376,19-64,2015
Texas,Covered by TRICARE,185,0-18,2015
Texas,Covered by TRICARE,244,65+,2015
Texas,Medicaid,1330,19-64,2015
Texas,Medicaid,2940,0-18,2015
Texas,Medicaid,462,65+,2015
Texas,Medicare,528,19-64,2015
Texas,Medicare,38,0-18,2015
Texas,Medicare,2971,65+,2015
Texas,Uninsured,3873,19-64,2015
Texas,Uninsured,682,0-18,2015
Texas,Uninsured,60,65+,2015
Utah,Employment Based,1190,19-64,2015
Utah,Employment Based,598,0-18,2015
Utah,Employment Based,109,65+,2015
Utah,Direct Purchase,236,19-64,2015
Utah,Direct Purchase,87,0-18,2015
Utah,Direct Purchase,101,65+,2015
Utah,Covered by TRICARE,29,19-64,2015
Utah,Covered by TRICARE,15,0-18,2015
Utah,Covered by TRICARE,23,65+,2015
Utah,Medicaid,117,19-64,2015
Utah,Medicaid,183,0-18,2015
Utah,Medicaid,28,65+,2015
Utah,Medicare,45,19-64,2015
Utah,Medicare,2,0-18,2015
Utah,Medicare,290,65+,2015
Utah,Uninsured,242,19-64,2015
Utah,Uninsured,65,0-18,2015
Utah,Uninsured,4,65+,2015
Vermont,Employment Based,246,19-64,2015
Vermont,Employment Based,63,0-18,2015
Vermont,Employment Based,36,65+,2015
Vermont,Direct Purchase,43,19-64,2015
Vermont,Direct Purchase,7,0-18,2015
Vermont,Direct Purchase,36,65+,2015
Vermont,Covered by TRICARE,6,19-64,2015
Vermont,Covered by TRICARE,2,0-18,2015
Vermont,Covered by TRICARE,6,65+,2015
Vermont,Medicaid,87,19-64,2015
Vermont,Medicaid,57,0-18,2015
Vermont,Medicaid,16,65+,2015
Vermont,Medicare,20,19-64,2015
Vermont,Medicare,0,0-18,2015
Vermont,Medicare,104,65+,2015
Vermont,Uninsured,23,19-64,2015
Vermont,Uninsured,1,0-18,2015
Vermont,Uninsured,0,65+,2015
Virginia,Employment Based,3350,19-64,2015
Virginia,Employment Based,1060,0-18,2015
Virginia,Employment Based,440,65+,2015
Virginia,Direct Purchase,682,19-64,2015
Virginia,Direct Purchase,147,0-18,2015
Virginia,Direct Purchase,405,65+,2015
Virginia,Covered by TRICARE,331,19-64,2015
Virginia,Covered by TRICARE,167,0-18,2015
Virginia,Covered by TRICARE,152,65+,2015
Virginia,Medicaid,353,19-64,2015
Virginia,Medicaid,521,0-18,2015
Virginia,Medicaid,105,65+,2015
Virginia,Medicare,177,19-64,2015
Virginia,Medicare,10,0-18,2015
Virginia,Medicare,1111,65+,2015
Virginia,Uninsured,644,19-64,2015
Virginia,Uninsured,91,0-18,2015
Virginia,Uninsured,11,65+,2015
Washington,Employment Based,2810,19-64,2015
Washington,Employment Based,836,0-18,2015
Washington,Employment Based,340,65+,2015
Washington,Direct Purchase,536,19-64,2015
Washington,Direct Purchase,136,0-18,2015
Washington,Direct Purchase,360,65+,2015
Washington,Covered by TRICARE,143,19-64,2015
Washington,Covered by TRICARE,69,0-18,2015
Washington,Covered by TRICARE,87,65+,2015
Washington,Medicaid,713,19-64,2015
Washington,Medicaid,633,0-18,2015
Washington,Medicaid,124,65+,2015
Washington,Medicare,162,19-64,2015
Washington,Medicare,8,0-18,2015
Washington,Medicare,977,65+,2015
Washington,Uninsured,418,19-64,2015
Washington,Uninsured,43,0-18,2015
Washington,Uninsured,7,65+,2015
West Virginia,Employment Based,650,19-64,2015
West Virginia,Employment Based,189,0-18,2015
West Virginia,Employment Based,137,65+,2015
West Virginia,Direct Purchase,87,19-64,2015
West Virginia,Direct Purchase,13,0-18,2015
West Virginia,Direct Purchase,93,65+,2015
West Virginia,Covered by TRICARE,17,19-64,2015
West Virginia,Covered by TRICARE,5,0-18,2015
West Virginia,Covered by TRICARE,18,65+,2015
West Virginia,Medicaid,269,19-64,2015
West Virginia,Medicaid,179,0-18,2015
West Virginia,Medicaid,39,65+,2015
West Virginia,Medicare,80,19-64,2015
West Virginia,Medicare,2,0-18,2015
West Virginia,Medicare,322,65+,2015
West Virginia,Uninsured,97,19-64,2015
West Virginia,Uninsured,11,0-18,2015
West Virginia,Uninsured,0,65+,2015
Wisconsin,Employment Based,2460,19-64,2015
Wisconsin,Employment Based,810,0-18,2015
Wisconsin,Employment Based,250,65+,2015
Wisconsin,Direct Purchase,401,19-64,2015
Wisconsin,Direct Purchase,73,0-18,2015
Wisconsin,Direct Purchase,375,65+,2015
Wisconsin,Covered by TRICARE,35,19-64,2015
Wisconsin,Covered by TRICARE,12,0-18,2015
Wisconsin,Covered by TRICARE,31,65+,2015
Wisconsin,Medicaid,466,19-64,2015
Wisconsin,Medicaid,428,0-18,2015
Wisconsin,Medicaid,98,65+,2015
Wisconsin,Medicare,127,19-64,2015
Wisconsin,Medicare,7,0-18,2015
Wisconsin,Medicare,852,65+,2015
Wisconsin,Uninsured,274,19-64,2015
Wisconsin,Uninsured,46,0-18,2015
Wisconsin,Uninsured,3,65+,2015
Wyoming,Employment Based,232,19-64,2015
Wyoming,Employment Based,82,0-18,2015
Wyoming,Employment Based,21,65+,2015
Wyoming,Direct Purchase,49,19-64,2015
Wyoming,Direct Purchase,13,0-18,2015
Wyoming,Direct Purchase,34,65+,2015
Wyoming,Covered by TRICARE,9,19-64,2015
Wyoming,Covered by TRICARE,4,0-18,2015
Wyoming,Covered by TRICARE,6,65+,2015
Wyoming,Medicaid,23,19-64,2015
Wyoming,Medicaid,37,0-18,2015
Wyoming,Medicaid,9,65+,2015
Wyoming,Medicare,10,19-64,2015
Wyoming,Medicare,1,0-18,2015
Wyoming,Medicare,78,65+,2015
Wyoming,Uninsured,55,19-64,2015
Wyoming,Uninsured,11,0-18,2015
Wyoming,Uninsured,0,65+,2015
Alabama,Employment Based,1745,19-64,2016
Alabama,Employment Based,556,0-18,2016
Alabama,Employment Based,259,65+,2016
Alabama,Direct Purchase,381,19-64,2016
Alabama,Direct Purchase,80,0-18,2016
Alabama,Direct Purchase,251,65+,2016
Alabama,Covered by TRICARE,95,19-64,2016
Alabama,Covered by TRICARE,41,0-18,2016
Alabama,Covered by TRICARE,79,65+,2016
Alabama,Medicaid,327,19-64,2016
Alabama,Medicaid,519,0-18,2016
Alabama,Medicaid,117,65+,2016
Alabama,Medicare,197,19-64,2016
Alabama,Medicare,7,0-18,2016
Alabama,Medicare,744,65+,2016
Alabama,Uninsured,400,19-64,2016
Alabama,Uninsured,32,0-18,2016
Alabama,Uninsured,3,65+,2016
Alaska,Employment Based,265,19-64,2016
Alaska,Employment Based,94,0-18,2016
Alaska,Employment Based,36,65+,2016
Alaska,Direct Purchase,36,19-64,2016
Alaska,Direct Purchase,9,0-18,2016
Alaska,Direct Purchase,11,65+,2016
Alaska,Covered by TRICARE,39,19-64,2016
Alaska,Covered by TRICARE,24,0-18,2016
Alaska,Covered by TRICARE,8,65+,2016
Alaska,Medicaid,54,19-64,2016
Alaska,Medicaid,66,0-18,2016
Alaska,Medicaid,12,65+,2016
Alaska,Medicare,10,19-64,2016
Alaska,Medicare,1,0-18,2016
Alaska,Medicare,70,65+,2016
Alaska,Uninsured,80,19-64,2016
Alaska,Uninsured,20,0-18,2016
Alaska,Uninsured,1,65+,2016
Arizona,Employment Based,2201,19-64,2016
Arizona,Employment Based,814,0-18,2016
Arizona,Employment Based,308,65+,2016
Arizona,Direct Purchase,445,19-64,2016
Arizona,Direct Purchase,142,0-18,2016
Arizona,Direct Purchase,359,65+,2016
Arizona,Covered by TRICARE,86,19-64,2016
Arizona,Covered by TRICARE,38,0-18,2016
Arizona,Covered by TRICARE,88,65+,2016
Arizona,Medicaid,753,19-64,2016
Arizona,Medicaid,698,0-18,2016
Arizona,Medicaid,141,65+,2016
Arizona,Medicare,136,19-64,2016
Arizona,Medicare,7,0-18,2016
Arizona,Medicare,1119,65+,2016
Arizona,Uninsured,542,19-64,2016
Arizona,Uninsured,132,0-18,2016
Arizona,Uninsured,8,65+,2016
Arkansas,Employment Based,969,19-64,2016
Arkansas,Employment Based,312,0-18,2016
Arkansas,Employment Based,117,65+,2016
Arkansas,Direct Purchase,217,19-64,2016
Arkansas,Direct Purchase,46,0-18,2016
Arkansas,Direct Purchase,167,65+,2016
Arkansas,Covered by TRICARE,40,19-64,2016
Arkansas,Covered by TRICARE,16,0-18,2016
Arkansas,Covered by TRICARE,43,65+,2016
Arkansas,Medicaid,323,19-64,2016
Arkansas,Medicaid,389,0-18,2016
Arkansas,Medicaid,69,65+,2016
Arkansas,Medicare,115,19-64,2016
Arkansas,Medicare,4,0-18,2016
Arkansas,Medicare,461,65+,2016
Arkansas,Uninsured,200,19-64,2016
Arkansas,Uninsured,30,0-18,2016
Arkansas,Uninsured,2,65+,2016
California,Employment Based,13659,19-64,2016
California,Employment Based,4572,0-18,2016
California,Employment Based,1631,65+,2016
California,Direct Purchase,2964,19-64,2016
California,Direct Purchase,728,0-18,2016
California,Direct Purchase,1236,65+,2016
California,Covered by TRICARE,307,19-64,2016
California,Covered by TRICARE,163,0-18,2016
California,Covered by TRICARE,215,65+,2016
California,Medicaid,5184,19-64,2016
California,Medicaid,4289,0-18,2016
California,Medicaid,1103,65+,2016
California,Medicare,709,19-64,2016
California,Medicare,100,0-18,2016
California,Medicare,4970,65+,2016
California,Uninsured,2489,19-64,2016
California,Uninsured,300,0-18,2016
California,Uninsured,55,65+,2016
Colorado,Employment Based,2098,19-64,2016
Colorado,Employment Based,697,0-18,2016
Colorado,Employment Based,216,65+,2016
Colorado,Direct Purchase,431,19-64,2016
Colorado,Direct Purchase,120,0-18,2016
Colorado,Direct Purchase,224,65+,2016
Colorado,Covered by TRICARE,106,19-64,2016
Colorado,Covered by TRICARE,55,0-18,2016
Colorado,Covered by TRICARE,61,65+,2016
Colorado,Medicaid,508,19-64,2016
Colorado,Medicaid,469,0-18,2016
Colorado,Medicaid,79,65+,2016
Colorado,Medicare,101,19-64,2016
Colorado,Medicare,7,0-18,2016
Colorado,Medicare,696,65+,2016
Colorado,Uninsured,347,19-64,2016
Colorado,Uninsured,57,0-18,2016
Colorado,Uninsured,5,65+,2016
Connecticut,Employment Based,1442,19-64,2016
Connecticut,Employment Based,478,0-18,2016
Connecticut,Employment Based,210,65+,2016
Connecticut,Direct Purchase,238,19-64,2016
Connecticut,Direct Purchase,52,0-18,2016
Connecticut,Direct Purchase,173,65+,2016
Connecticut,Covered by TRICARE,21,19-64,2016
Connecticut,Covered by TRICARE,10,0-18,2016
Connecticut,Covered by TRICARE,16,65+,2016
Connecticut,Medicaid,368,19-64,2016
Connecticut,Medicaid,281,0-18,2016
Connecticut,Medicaid,75,65+,2016
Connecticut,Medicare,72,19-64,2016
Connecticut,Medicare,2,0-18,2016
Connecticut,Medicare,531,65+,2016
Connecticut,Uninsured,147,19-64,2016
Connecticut,Uninsured,23,0-18,2016
Connecticut,Uninsured,3,65+,2016
Delaware,Employment Based,367,19-64,2016
Delaware,Employment Based,124,0-18,2016
Delaware,Employment Based,75,65+,2016
Delaware,Direct Purchase,58,19-64,2016
Delaware,Direct Purchase,14,0-18,2016
Delaware,Direct Purchase,49,65+,2016
Delaware,Covered by TRICARE,13,19-64,2016
Delaware,Covered by TRICARE,5,0-18,2016
Delaware,Covered by TRICARE,12,65+,2016
Delaware,Medicaid,92,19-64,2016
Delaware,Medicaid,79,0-18,2016
Delaware,Medicaid,19,65+,2016
Delaware,Medicare,21,19-64,2016
Delaware,Medicare,2,0-18,2016
Delaware,Medicare,157,65+,2016
Delaware,Uninsured,45,19-64,2016
Delaware,Uninsured,7,0-18,2016
Delaware,Uninsured,2,65+,2016
District of Columbia,Employment Based,288,19-64,2016
District of Columbia,Employment Based,59,0-18,2016
District of Columbia,Employment Based,37,65+,2016
District of Columbia,Direct Purchase,58,19-64,2016
District of Columbia,Direct Purchase,9,0-18,2016
District of Columbia,Direct Purchase,18,65+,2016
District of Columbia,Covered by TRICARE,7,19-64,2016
District of Columbia,Covered by TRICARE,3,0-18,2016
District of Columbia,Covered by TRICARE,4,65+,2016
District of Columbia,Medicaid,106,19-64,2016
District of Columbia,Medicaid,63,0-18,2016
District of Columbia,Medicaid,20,65+,2016
District of Columbia,Medicare,14,19-64,2016
District of Columbia,Medicare,1,0-18,2016
District of Columbia,Medicare,70,65+,2016
District of Columbia,Uninsured,22,19-64,2016
District of Columbia,Uninsured,4,0-18,2016
District of Columbia,Uninsured,1,65+,2016
Florida,Employment Based,6247,19-64,2016
Florida,Employment Based,1839,0-18,2016
Florida,Employment Based,1021,65+,2016
Florida,Direct Purchase,1981,19-64,2016
Florida,Direct Purchase,439,0-18,2016
Florida,Direct Purchase,1147,65+,2016
Florida,Covered by TRICARE,308,19-64,2016
Florida,Covered by TRICARE,130,0-18,2016
Florida,Covered by TRICARE,279,65+,2016
Florida,Medicaid,1396,19-64,2016
Florida,Medicaid,1888,0-18,2016
Florida,Medicaid,574,65+,2016
Florida,Medicare,506,19-64,2016
Florida,Medicare,27,0-18,2016
Florida,Medicare,3847,65+,2016
Florida,Uninsured,2203,19-64,2016
Florida,Uninsured,288,0-18,2016
Florida,Uninsured,53,65+,2016
Georgia,Employment Based,3660,19-64,2016
Georgia,Employment Based,1240,0-18,2016
Georgia,Employment Based,439,65+,2016
Georgia,Direct Purchase,782,19-64,2016
Georgia,Direct Purchase,196,0-18,2016
Georgia,Direct Purchase,391,65+,2016
Georgia,Covered by TRICARE,201,19-64,2016
Georgia,Covered by TRICARE,104,0-18,2016
Georgia,Covered by TRICARE,105,65+,2016
Georgia,Medicaid,560,19-64,2016
Georgia,Medicaid,1061,0-18,2016
Georgia,Medicaid,197,65+,2016
Georgia,Medicare,256,19-64,2016
Georgia,Medicare,29,0-18,2016
Georgia,Medicare,1272,65+,2016
Georgia,Uninsured,1118,19-64,2016
Georgia,Uninsured,179,0-18,2016
Georgia,Uninsured,13,65+,2016
Hawaii,Employment Based,576,19-64,2016
Hawaii,Employment Based,179,0-18,2016
Hawaii,Employment Based,124,65+,2016
Hawaii,Direct Purchase,86,19-64,2016
Hawaii,Direct Purchase,25,0-18,2016
Hawaii,Direct Purchase,58,65+,2016
Hawaii,Covered by TRICARE,60,19-64,2016
Hawaii,Covered by TRICARE,45,0-18,2016
Hawaii,Covered by TRICARE,21,65+,2016
Hawaii,Medicaid,115,19-64,2016
Hawaii,Medicaid,100,0-18,2016
Hawaii,Medicaid,29,65+,2016
Hawaii,Medicare,21,19-64,2016
Hawaii,Medicare,1,0-18,2016
Hawaii,Medicare,225,65+,2016
Hawaii,Uninsured,40,19-64,2016
Hawaii,Uninsured,8,0-18,2016
Hawaii,Uninsured,1,65+,2016
Idaho,Employment Based,569,19-64,2016
Idaho,Employment Based,232,0-18,2016
Idaho,Employment Based,59,65+,2016
Idaho,Direct Purchase,166,19-64,2016
Idaho,Direct Purchase,50,0-18,2016
Idaho,Direct Purchase,104,65+,2016
Idaho,Covered by TRICARE,21,19-64,2016
Idaho,Covered by TRICARE,12,0-18,2016
Idaho,Covered by TRICARE,20,65+,2016
Idaho,Medicaid,87,19-64,2016
Idaho,Medicaid,174,0-18,2016
Idaho,Medicaid,32,65+,2016
Idaho,Medicare,37,19-64,2016
Idaho,Medicare,2,0-18,2016
Idaho,Medicare,244,65+,2016
Idaho,Uninsured,144,19-64,2016
Idaho,Uninsured,22,0-18,2016
Idaho,Uninsured,2,65+,2016
Illinois,Employment Based,5050,19-64,2016
Illinois,Employment Based,1728,0-18,2016
Illinois,Employment Based,605,65+,2016
Illinois,Direct Purchase,907,19-64,2016
Illinois,Direct Purchase,211,0-18,2016
Illinois,Direct Purchase,633,65+,2016
Illinois,Covered by TRICARE,62,19-64,2016
Illinois,Covered by TRICARE,29,0-18,2016
Illinois,Covered by TRICARE,48,65+,2016
Illinois,Medicaid,1176,19-64,2016
Illinois,Medicaid,1173,0-18,2016
Illinois,Medicaid,202,65+,2016
Illinois,Medicare,250,19-64,2016
Illinois,Medicare,15,0-18,2016
Illinois,Medicare,1729,65+,2016
Illinois,Uninsured,719,19-64,2016
Illinois,Uninsured,82,0-18,2016
Illinois,Uninsured,15,65+,2016
Indiana,Employment Based,2583,19-64,2016
Indiana,Employment Based,953,0-18,2016
Indiana,Employment Based,296,65+,2016
Indiana,Direct Purchase,430,19-64,2016
Indiana,Direct Purchase,104,0-18,2016
Indiana,Direct Purchase,382,65+,2016
Indiana,Covered by TRICARE,44,19-64,2016
Indiana,Covered by TRICARE,18,0-18,2016
Indiana,Covered by TRICARE,35,65+,2016
Indiana,Medicaid,506,19-64,2016
Indiana,Medicaid,585,0-18,2016
Indiana,Medicaid,92,65+,2016
Indiana,Medicare,186,19-64,2016
Indiana,Medicare,10,0-18,2016
Indiana,Medicare,927,65+,2016
Indiana,Uninsured,425,19-64,2016
Indiana,Uninsured,99,0-18,2016
Indiana,Uninsured,6,65+,2016
Iowa,Employment Based,1271,19-64,2016
Iowa,Employment Based,472,0-18,2016
Iowa,Employment Based,117,65+,2016
Iowa,Direct Purchase,239,19-64,2016
Iowa,Direct Purchase,57,0-18,2016
Iowa,Direct Purchase,234,65+,2016
Iowa,Covered by TRICARE,24,19-64,2016
Iowa,Covered by TRICARE,10,0-18,2016
Iowa,Covered by TRICARE,18,65+,2016
Iowa,Medicaid,267,19-64,2016
Iowa,Medicaid,272,0-18,2016
Iowa,Medicaid,52,65+,2016
Iowa,Medicare,63,19-64,2016
Iowa,Medicare,3,0-18,2016
Iowa,Medicare,479,65+,2016
Iowa,Uninsured,111,19-64,2016
Iowa,Uninsured,20,0-18,2016
Iowa,Uninsured,1,65+,2016
Kansas,Employment Based,1113,19-64,2016
Kansas,Employment Based,433,0-18,2016
Kansas,Employment Based,106,65+,2016
Kansas,Direct Purchase,233,19-64,2016
Kansas,Direct Purchase,73,0-18,2016
Kansas,Direct Purchase,193,65+,2016
Kansas,Covered by TRICARE,54,19-64,2016
Kansas,Covered by TRICARE,33,0-18,2016
Kansas,Covered by TRICARE,29,65+,2016
Kansas,Medicaid,123,19-64,2016
Kansas,Medicaid,236,0-18,2016
Kansas,Medicaid,42,65+,2016
Kansas,Medicare,65,19-64,2016
Kansas,Medicare,3,0-18,2016
Kansas,Medicare,408,65+,2016
Kansas,Uninsured,213,19-64,2016
Kansas,Uninsured,34,0-18,2016
Kansas,Uninsured,2,65+,2016
Kentucky,Employment Based,1561,19-64,2016
Kentucky,Employment Based,534,0-18,2016
Kentucky,Employment Based,228,65+,2016
Kentucky,Direct Purchase,250,19-64,2016
Kentucky,Direct Purchase,68,0-18,2016
Kentucky,Direct Purchase,224,65+,2016
Kentucky,Covered by TRICARE,60,19-64,2016
Kentucky,Covered by TRICARE,29,0-18,2016
Kentucky,Covered by TRICARE,43,65+,2016
Kentucky,Medicaid,613,19-64,2016
Kentucky,Medicaid,467,0-18,2016
Kentucky,Medicaid,85,65+,2016
Kentucky,Medicare,175,19-64,2016
Kentucky,Medicare,11,0-18,2016
Kentucky,Medicare,648,65+,2016
Kentucky,Uninsured,186,19-64,2016
Kentucky,Uninsured,35,0-18,2016
Kentucky,Uninsured,2,65+,2016
Louisiana,Employment Based,1534,19-64,2016
Louisiana,Employment Based,491,0-18,2016
Louisiana,Employment Based,207,65+,2016
Louisiana,Direct Purchase,340,19-64,2016
Louisiana,Direct Purchase,81,0-18,2016
Louisiana,Direct Purchase,185,65+,2016
Louisiana,Covered by TRICARE,52,19-64,2016
Louisiana,Covered by TRICARE,28,0-18,2016
Louisiana,Covered by TRICARE,37,65+,2016
Louisiana,Medicaid,457,19-64,2016
Louisiana,Medicaid,605,0-18,2016
Louisiana,Medicaid,104,65+,2016
Louisiana,Medicare,157,19-64,2016
Louisiana,Medicare,9,0-18,2016
Louisiana,Medicare,627,65+,2016
Louisiana,Uninsured,428,19-64,2016
Louisiana,Uninsured,39,0-18,2016
Louisiana,Uninsured,2,65+,2016
Maine,Employment Based,486,19-64,2016
Maine,Employment Based,159,0-18,2016
Maine,Employment Based,76,65+,2016
Maine,Direct Purchase,103,19-64,2016
Maine,Direct Purchase,20,0-18,2016
Maine,Direct Purchase,92,65+,2016
Maine,Covered by TRICARE,15,19-64,2016
Maine,Covered by TRICARE,7,0-18,2016
Maine,Covered by TRICARE,23,65+,2016
Maine,Medicaid,118,19-64,2016
Maine,Medicaid,92,0-18,2016
Maine,Medicaid,42,65+,2016
Maine,Medicare,48,19-64,2016
Maine,Medicare,2,0-18,2016
Maine,Medicare,241,65+,2016
Maine,Uninsured,93,19-64,2016
Maine,Uninsured,13,0-18,2016
Maine,Uninsured,0,65+,2016
Maryland,Employment Based,2462,19-64,2016
Maryland,Employment Based,831,0-18,2016
Maryland,Employment Based,423,65+,2016
Maryland,Direct Purchase,416,19-64,2016
Maryland,Direct Purchase,102,0-18,2016
Maryland,Direct Purchase,243,65+,2016
Maryland,Covered by TRICARE,107,19-64,2016
Maryland,Covered by TRICARE,48,0-18,2016
Maryland,Covered by TRICARE,58,65+,2016
Maryland,Medicaid,501,19-64,2016
Maryland,Medicaid,465,0-18,2016
Maryland,Medicaid,101,65+,2016
Maryland,Medicare,122,19-64,2016
Maryland,Medicare,12,0-18,2016
Maryland,Medicare,801,65+,2016
Maryland,Uninsured,306,19-64,2016
Maryland,Uninsured,49,0-18,2016
Maryland,Uninsured,8,65+,2016
Massachusetts,Employment Based,2878,19-64,2016
Massachusetts,Employment Based,940,0-18,2016
Massachusetts,Employment Based,427,65+,2016
Massachusetts,Direct Purchase,463,19-64,2016
Massachusetts,Direct Purchase,110,0-18,2016
Massachusetts,Direct Purchase,339,65+,2016
Massachusetts,Covered by TRICARE,33,19-64,2016
Massachusetts,Covered by TRICARE,13,0-18,2016
Massachusetts,Covered by TRICARE,32,65+,2016
Massachusetts,Medicaid,895,19-64,2016
Massachusetts,Medicaid,506,0-18,2016
Massachusetts,Medicaid,182,65+,2016
Massachusetts,Medicare,137,19-64,2016
Massachusetts,Medicare,4,0-18,2016
Massachusetts,Medicare,982,65+,2016
Massachusetts,Uninsured,153,19-64,2016
Massachusetts,Uninsured,15,0-18,2016
Massachusetts,Uninsured,3,65+,2016
Michigan,Employment Based,3793,19-64,2016
Michigan,Employment Based,1335,0-18,2016
Michigan,Employment Based,750,65+,2016
Michigan,Direct Purchase,654,19-64,2016
Michigan,Direct Purchase,147,0-18,2016
Michigan,Direct Purchase,539,65+,2016
Michigan,Covered by TRICARE,55,19-64,2016
Michigan,Covered by TRICARE,19,0-18,2016
Michigan,Covered by TRICARE,50,65+,2016
Michigan,Medicaid,1150,19-64,2016
Michigan,Medicaid,900,0-18,2016
Michigan,Medicaid,189,65+,2016
Michigan,Medicare,300,19-64,2016
Michigan,Medicare,12,0-18,2016
Michigan,Medicare,1536,65+,2016
Michigan,Uninsured,452,19-64,2016
Michigan,Uninsured,71,0-18,2016
Michigan,Uninsured,4,65+,2016
Minnesota,Employment Based,2287,19-64,2016
Minnesota,Employment Based,876,0-18,2016
Minnesota,Employment Based,215,65+,2016
Minnesota,Direct Purchase,410,19-64,2016
Minnesota,Direct Purchase,107,0-18,2016
Minnesota,Direct Purchase,412,65+,2016
Minnesota,Covered by TRICARE,33,19-64,2016
Minnesota,Covered by TRICARE,14,0-18,2016
Minnesota,Covered by TRICARE,33,65+,2016
Minnesota,Medicaid,503,19-64,2016
Minnesota,Medicaid,413,0-18,2016
Minnesota,Medicaid,73,65+,2016
Minnesota,Medicare,100,19-64,2016
Minnesota,Medicare,4,0-18,2016
Minnesota,Medicare,779,65+,2016
Minnesota,Uninsured,178,19-64,2016
Minnesota,Uninsured,46,0-18,2016
Minnesota,Uninsured,1,65+,2016
Mississippi,Employment Based,972,19-64,2016
Mississippi,Employment Based,300,0-18,2016
Mississippi,Employment Based,97,65+,2016
Mississippi,Direct Purchase,193,19-64,2016
Mississippi,Direct Purchase,51,0-18,2016
Mississippi,Direct Purchase,136,65+,2016
Mississippi,Covered by TRICARE,48,19-64,2016
Mississippi,Covered by TRICARE,23,0-18,2016
Mississippi,Covered by TRICARE,43,65+,2016
Mississippi,Medicaid,240,19-64,2016
Mississippi,Medicaid,397,0-18,2016
Mississippi,Medicaid,81,65+,2016
Mississippi,Medicare,112,19-64,2016
Mississippi,Medicare,4,0-18,2016
Mississippi,Medicare,427,65+,2016
Mississippi,Uninsured,308,19-64,2016
Mississippi,Uninsured,37,0-18,2016
Mississippi,Uninsured,1,65+,2016
Missouri,Employment Based,2313,19-64,2016
Missouri,Employment Based,830,0-18,2016
Missouri,Employment Based,273,65+,2016
Missouri,Direct Purchase,456,19-64,2016
Missouri,Direct Purchase,124,0-18,2016
Missouri,Direct Purchase,327,65+,2016
Missouri,Covered by TRICARE,67,19-64,2016
Missouri,Covered by TRICARE,30,0-18,2016
Missouri,Covered by TRICARE,51,65+,2016
Missouri,Medicaid,314,19-64,2016
Missouri,Medicaid,476,0-18,2016
Missouri,Medicaid,91,65+,2016
Missouri,Medicare,195,19-64,2016
Missouri,Medicare,9,0-18,2016
Missouri,Medicare,912,65+,2016
Missouri,Uninsured,458,19-64,2016
Missouri,Uninsured,71,0-18,2016
Missouri,Uninsured,3,65+,2016
Montana,Employment Based,349,19-64,2016
Montana,Employment Based,118,0-18,2016
Montana,Employment Based,40,65+,2016
Montana,Direct Purchase,101,19-64,2016
Montana,Direct Purchase,21,0-18,2016
Montana,Direct Purchase,73,65+,2016
Montana,Covered by TRICARE,19,19-64,2016
Montana,Covered by TRICARE,8,0-18,2016
Montana,Covered by TRICARE,12,65+,2016
Montana,Medicaid,87,19-64,2016
Montana,Medicaid,95,0-18,2016
Montana,Medicaid,21,65+,2016
Montana,Medicare,28,19-64,2016
Montana,Medicare,1,0-18,2016
Montana,Medicare,176,65+,2016
Montana,Uninsured,71,19-64,2016
Montana,Uninsured,12,0-18,2016
Montana,Uninsured,0,65+,2016
Nebraska,Employment Based,746,19-64,2016
Nebraska,Employment Based,294,0-18,2016
Nebraska,Employment Based,67,65+,2016
Nebraska,Direct Purchase,167,19-64,2016
Nebraska,Direct Purchase,50,0-18,2016
Nebraska,Direct Purchase,122,65+,2016
Nebraska,Covered by TRICARE,27,19-64,2016
Nebraska,Covered by TRICARE,14,0-18,2016
Nebraska,Covered by TRICARE,18,65+,2016
Nebraska,Medicaid,73,19-64,2016
Nebraska,Medicaid,140,0-18,2016
Nebraska,Medicaid,30,65+,2016
Nebraska,Medicare,32,19-64,2016
Nebraska,Medicare,2,0-18,2016
Nebraska,Medicare,265,65+,2016
Nebraska,Uninsured,134,19-64,2016
Nebraska,Uninsured,25,0-18,2016
Nebraska,Uninsured,1,65+,2016
Nevada,Employment Based,1040,19-64,2016
Nevada,Employment Based,368,0-18,2016
Nevada,Employment Based,121,65+,2016
Nevada,Direct Purchase,184,19-64,2016
Nevada,Direct Purchase,52,0-18,2016
Nevada,Direct Purchase,110,65+,2016
Nevada,Covered by TRICARE,49,19-64,2016
Nevada,Covered by TRICARE,19,0-18,2016
Nevada,Covered by TRICARE,40,65+,2016
Nevada,Medicaid,259,19-64,2016
Nevada,Medicaid,260,0-18,2016
Nevada,Medicaid,50,65+,2016
Nevada,Medicare,58,19-64,2016
Nevada,Medicare,3,0-18,2016
Nevada,Medicare,416,65+,2016
Nevada,Uninsured,274,19-64,2016
Nevada,Uninsured,50,0-18,2016
Nevada,Uninsured,7,65+,2016
New Hampshire,Employment Based,573,19-64,2016
New Hampshire,Employment Based,185,0-18,2016
New Hampshire,Employment Based,85,65+,2016
New Hampshire,Direct Purchase,91,19-64,2016
New Hampshire,Direct Purchase,16,0-18,2016
New Hampshire,Direct Purchase,74,65+,2016
New Hampshire,Covered by TRICARE,12,19-64,2016
New Hampshire,Covered by TRICARE,3,0-18,2016
New Hampshire,Covered by TRICARE,16,65+,2016
New Hampshire,Medicaid,84,19-64,2016
New Hampshire,Medicaid,80,0-18,2016
New Hampshire,Medicaid,17,65+,2016
New Hampshire,Medicare,36,19-64,2016
New Hampshire,Medicare,1,0-18,2016
New Hampshire,Medicare,211,65+,2016
New Hampshire,Uninsured,70,19-64,2016
New Hampshire,Uninsured,8,0-18,2016
New Hampshire,Uninsured,0,65+,2016
New Jersey,Employment Based,3674,19-64,2016
New Jersey,Employment Based,1278,0-18,2016
New Jersey,Employment Based,530,65+,2016
New Jersey,Direct Purchase,543,19-64,2016
New Jersey,Direct Purchase,144,0-18,2016
New Jersey,Direct Purchase,405,65+,2016
New Jersey,Covered by TRICARE,35,19-64,2016
New Jersey,Covered by TRICARE,18,0-18,2016
New Jersey,Covered by TRICARE,33,65+,2016
New Jersey,Medicaid,688,19-64,2016
New Jersey,Medicaid,663,0-18,2016
New Jersey,Medicaid,165,65+,2016
New Jersey,Medicare,173,19-64,2016
New Jersey,Medicare,10,0-18,2016
New Jersey,Medicare,1268,65+,2016
New Jersey,Uninsured,610,19-64,2016
New Jersey,Uninsured,78,0-18,2016
New Jersey,Uninsured,17,65+,2016
New Mexico,Employment Based,599,19-64,2016
New Mexico,Employment Based,185,0-18,2016
New Mexico,Employment Based,110,65+,2016
New Mexico,Direct Purchase,117,19-64,2016
New Mexico,Direct Purchase,25,0-18,2016
New Mexico,Direct Purchase,79,65+,2016
New Mexico,Covered by TRICARE,37,19-64,2016
New Mexico,Covered by TRICARE,17,0-18,2016
New Mexico,Covered by TRICARE,30,65+,2016
New Mexico,Medicaid,318,19-64,2016
New Mexico,Medicaid,294,0-18,2016
New Mexico,Medicaid,52,65+,2016
New Mexico,Medicare,58,19-64,2016
New Mexico,Medicare,3,0-18,2016
New Mexico,Medicare,323,65+,2016
New Mexico,Uninsured,157,19-64,2016
New Mexico,Uninsured,28,0-18,2016
New Mexico,Uninsured,3,65+,2016
New York,Employment Based,7432,19-64,2016
New York,Employment Based,2294,0-18,2016
New York,Employment Based,1154,65+,2016
New York,Direct Purchase,1330,19-64,2016
New York,Direct Purchase,460,0-18,2016
New York,Direct Purchase,740,65+,2016
New York,Covered by TRICARE,83,19-64,2016
New York,Covered by TRICARE,36,0-18,2016
New York,Covered by TRICARE,59,65+,2016
New York,Medicaid,2716,19-64,2016
New York,Medicaid,1838,0-18,2016
New York,Medicaid,574,65+,2016
New York,Medicare,442,19-64,2016
New York,Medicare,29,0-18,2016
New York,Medicare,2801,65+,2016
New York,Uninsured,1045,19-64,2016
New York,Uninsured,113,0-18,2016
New York,Uninsured,25,65+,2016
North Carolina,Employment Based,3531,19-64,2016
North Carolina,Employment Based,1095,0-18,2016
North Carolina,Employment Based,478,65+,2016
North Carolina,Direct Purchase,861,19-64,2016
North Carolina,Direct Purchase,196,0-18,2016
North Carolina,Direct Purchase,543,65+,2016
North Carolina,Covered by TRICARE,209,19-64,2016
North Carolina,Covered by TRICARE,121,0-18,2016
North Carolina,Covered by TRICARE,128,65+,2016
North Carolina,Medicaid,643,19-64,2016
North Carolina,Medicaid,1030,0-18,2016
North Carolina,Medicaid,192,65+,2016
North Carolina,Medicare,301,19-64,2016
North Carolina,Medicare,15,0-18,2016
North Carolina,Medicare,1487,65+,2016
North Carolina,Uninsured,916,19-64,2016
North Carolina,Uninsured,115,0-18,2016
North Carolina,Uninsured,7,65+,2016
North Dakota,Employment Based,311,19-64,2016
North Dakota,Employment Based,115,0-18,2016
North Dakota,Employment Based,30,65+,2016
North Dakota,Direct Purchase,73,19-64,2016
North Dakota,Direct Purchase,24,0-18,2016
North Dakota,Direct Purchase,54,65+,2016
North Dakota,Covered by TRICARE,13,19-64,2016
North Dakota,Covered by TRICARE,8,0-18,2016
North Dakota,Covered by TRICARE,6,65+,2016
North Dakota,Medicaid,38,19-64,2016
North Dakota,Medicaid,39,0-18,2016
North Dakota,Medicaid,9,65+,2016
North Dakota,Medicare,13,19-64,2016
North Dakota,Medicare,1,0-18,2016
North Dakota,Medicare,102,65+,2016
North Dakota,Uninsured,37,19-64,2016
North Dakota,Uninsured,15,0-18,2016
North Dakota,Uninsured,0,65+,2016
Ohio,Employment Based,4514,19-64,2016
Ohio,Employment Based,1596,0-18,2016
Ohio,Employment Based,667,65+,2016
Ohio,Direct Purchase,636,19-64,2016
Ohio,Direct Purchase,150,0-18,2016
Ohio,Direct Purchase,600,65+,2016
Ohio,Covered by TRICARE,81,19-64,2016
Ohio,Covered by TRICARE,37,0-18,2016
Ohio,Covered by TRICARE,64,65+,2016
Ohio,Medicaid,1230,19-64,2016
Ohio,Medicaid,1039,0-18,2016
Ohio,Medicaid,176,65+,2016
Ohio,Medicare,311,19-64,2016
Ohio,Medicare,20,0-18,2016
Ohio,Medicare,1757,65+,2016
Ohio,Uninsured,532,19-64,2016
Ohio,Uninsured,104,0-18,2016
Ohio,Uninsured,8,65+,2016
Oklahoma,Employment Based,1305,19-64,2016
Oklahoma,Employment Based,436,0-18,2016
Oklahoma,Employment Based,173,65+,2016
Oklahoma,Direct Purchase,270,19-64,2016
Oklahoma,Direct Purchase,77,0-18,2016
Oklahoma,Direct Purchase,190,65+,2016
Oklahoma,Covered by TRICARE,68,19-64,2016
Oklahoma,Covered by TRICARE,33,0-18,2016
Oklahoma,Covered by TRICARE,49,65+,2016
Oklahoma,Medicaid,198,19-64,2016
Oklahoma,Medicaid,436,0-18,2016
Oklahoma,Medicaid,65,65+,2016
Oklahoma,Medicare,110,19-64,2016
Oklahoma,Medicare,23,0-18,2016
Oklahoma,Medicare,552,65+,2016
Oklahoma,Uninsured,447,19-64,2016
Oklahoma,Uninsured,79,0-18,2016
Oklahoma,Uninsured,3,65+,2016
Oregon,Employment Based,1488,19-64,2016
Oregon,Employment Based,491,0-18,2016
Oregon,Employment Based,188,65+,2016
Oregon,Direct Purchase,314,19-64,2016
Oregon,Direct Purchase,82,0-18,2016
Oregon,Direct Purchase,264,65+,2016
Oregon,Covered by TRICARE,30,19-64,2016
Oregon,Covered by TRICARE,10,0-18,2016
Oregon,Covered by TRICARE,40,65+,2016
Oregon,Medicaid,496,19-64,2016
Oregon,Medicaid,371,0-18,2016
Oregon,Medicaid,80,65+,2016
Oregon,Medicare,96,19-64,2016
Oregon,Medicare,3,0-18,2016
Oregon,Medicare,654,65+,2016
Oregon,Uninsured,217,19-64,2016
Oregon,Uninsured,31,0-18,2016
Oregon,Uninsured,5,65+,2016
Pennsylvania,Employment Based,5052,19-64,2016
Pennsylvania,Employment Based,1635,0-18,2016
Pennsylvania,Employment Based,702,65+,2016
Pennsylvania,Direct Purchase,939,19-64,2016
Pennsylvania,Direct Purchase,213,0-18,2016
Pennsylvania,Direct Purchase,890,65+,2016
Pennsylvania,Covered by TRICARE,79,19-64,2016
Pennsylvania,Covered by TRICARE,30,0-18,2016
Pennsylvania,Covered by TRICARE,76,65+,2016
Pennsylvania,Medicaid,1195,19-64,2016
Pennsylvania,Medicaid,1051,0-18,2016
Pennsylvania,Medicaid,260,65+,2016
Pennsylvania,Medicare,332,19-64,2016
Pennsylvania,Medicare,14,0-18,2016
Pennsylvania,Medicare,2075,65+,2016
Pennsylvania,Uninsured,572,19-64,2016
Pennsylvania,Uninsured,126,0-18,2016
Pennsylvania,Uninsured,10,65+,2016
Rhode Island,Employment Based,416,19-64,2016
Rhode Island,Employment Based,135,0-18,2016
Rhode Island,Employment Based,46,65+,2016
Rhode Island,Direct Purchase,88,19-64,2016
Rhode Island,Direct Purchase,18,0-18,2016
Rhode Island,Direct Purchase,64,65+,2016
Rhode Island,Covered by TRICARE,9,19-64,2016
Rhode Island,Covered by TRICARE,3,0-18,2016
Rhode Island,Covered by TRICARE,6,65+,2016
Rhode Island,Medicaid,123,19-64,2016
Rhode Island,Medicaid,81,0-18,2016
Rhode Island,Medicaid,26,65+,2016
Rhode Island,Medicare,34,19-64,2016
Rhode Island,Medicare,2,0-18,2016
Rhode Island,Medicare,161,65+,2016
Rhode Island,Uninsured,40,19-64,2016
Rhode Island,Uninsured,5,0-18,2016
Rhode Island,Uninsured,0,65+,2016
South Carolina,Employment Based,1706,19-64,2016
South Carolina,Employment Based,545,0-18,2016
South Carolina,Employment Based,258,65+,2016
South Carolina,Direct Purchase,374,19-64,2016
South Carolina,Direct Purchase,74,0-18,2016
South Carolina,Direct Purchase,269,65+,2016
South Carolina,Covered by TRICARE,108,19-64,2016
South Carolina,Covered by TRICARE,58,0-18,2016
South Carolina,Covered by TRICARE,90,65+,2016
South Carolina,Medicaid,351,19-64,2016
South Carolina,Medicaid,510,0-18,2016
South Carolina,Medicaid,105,65+,2016
South Carolina,Medicare,156,19-64,2016
South Carolina,Medicare,5,0-18,2016
South Carolina,Medicare,794,65+,2016
South Carolina,Uninsured,433,19-64,2016
South Carolina,Uninsured,50,0-18,2016
South Carolina,Uninsured,3,65+,2016
South Dakota,Employment Based,316,19-64,2016
South Dakota,Employment Based,122,0-18,2016
South Dakota,Employment Based,24,65+,2016
South Dakota,Direct Purchase,79,19-64,2016
South Dakota,Direct Purchase,26,0-18,2016
South Dakota,Direct Purchase,61,65+,2016
South Dakota,Covered by TRICARE,18,19-64,2016
South Dakota,Covered by TRICARE,10,0-18,2016
South Dakota,Covered by TRICARE,8,65+,2016
South Dakota,Medicaid,38,19-64,2016
South Dakota,Medicaid,74,0-18,2016
South Dakota,Medicaid,14,65+,2016
South Dakota,Medicare,18,19-64,2016
South Dakota,Medicare,1,0-18,2016
South Dakota,Medicare,128,65+,2016
South Dakota,Uninsured,63,19-64,2016
South Dakota,Uninsured,11,0-18,2016
South Dakota,Uninsured,0,65+,2016
Tennessee,Employment Based,2361,19-64,2016
Tennessee,Employment Based,776,0-18,2016
Tennessee,Employment Based,283,65+,2016
Tennessee,Direct Purchase,481,19-64,2016
Tennessee,Direct Purchase,122,0-18,2016
Tennessee,Direct Purchase,352,65+,2016
Tennessee,Covered by TRICARE,98,19-64,2016
Tennessee,Covered by TRICARE,47,0-18,2016
Tennessee,Covered by TRICARE,75,65+,2016
Tennessee,Medicaid,596,19-64,2016
Tennessee,Medicaid,681,0-18,2016
Tennessee,Medicaid,134,65+,2016
Tennessee,Medicare,206,19-64,2016
Tennessee,Medicare,8,0-18,2016
Tennessee,Medicare,988,65+,2016
Tennessee,Uninsured,530,19-64,2016
Tennessee,Uninsured,58,0-18,2016
Tennessee,Uninsured,4,65+,2016
Texas,Employment Based,9539,19-64,2016
Texas,Employment Based,3410,0-18,2016
Texas,Employment Based,991,65+,2016
Texas,Direct Purchase,1917,19-64,2016
Texas,Direct Purchase,536,0-18,2016
Texas,Direct Purchase,858,65+,2016
Texas,Covered by TRICARE,376,19-64,2016
Texas,Covered by TRICARE,189,0-18,2016
Texas,Covered by TRICARE,256,65+,2016
Texas,Medicaid,1237,19-64,2016
Texas,Medicaid,3091,0-18,2016
Texas,Medicaid,463,65+,2016
Texas,Medicare,500,19-64,2016
Texas,Medicare,32,0-18,2016
Texas,Medicare,3088,65+,2016
Texas,Uninsured,3735,19-64,2016
Texas,Uninsured,752,0-18,2016
Texas,Uninsured,58,65+,2016
Utah,Employment Based,1206,19-64,2016
Utah,Employment Based,648,0-18,2016
Utah,Employment Based,112,65+,2016
Utah,Direct Purchase,235,19-64,2016
Utah,Direct Purchase,106,0-18,2016
Utah,Direct Purchase,97,65+,2016
Utah,Covered by TRICARE,30,19-64,2016
Utah,Covered by TRICARE,19,0-18,2016
Utah,Covered by TRICARE,23,65+,2016
Utah,Medicaid,121,19-64,2016
Utah,Medicaid,189,0-18,2016
Utah,Medicaid,32,65+,2016
Utah,Medicare,41,19-64,2016
Utah,Medicare,2,0-18,2016
Utah,Medicare,302,65+,2016
Utah,Uninsured,203,19-64,2016
Utah,Uninsured,59,0-18,2016
Utah,Uninsured,2,65+,2016
Vermont,Employment Based,234,19-64,2016
Vermont,Employment Based,66,0-18,2016
Vermont,Employment Based,36,65+,2016
Vermont,Direct Purchase,47,19-64,2016
Vermont,Direct Purchase,8,0-18,2016
Vermont,Direct Purchase,41,65+,2016
Vermont,Covered by TRICARE,5,19-64,2016
Vermont,Covered by TRICARE,2,0-18,2016
Vermont,Covered by TRICARE,4,65+,2016
Vermont,Medicaid,88,19-64,2016
Vermont,Medicaid,58,0-18,2016
Vermont,Medicaid,16,65+,2016
Vermont,Medicare,19,19-64,2016
Vermont,Medicare,0,0-18,2016
Vermont,Medicare,107,65+,2016
Vermont,Uninsured,21,19-64,2016
Vermont,Uninsured,2,0-18,2016
Vermont,Uninsured,0,65+,2016
Virginia,Employment Based,3295,19-64,2016
Virginia,Employment Based,1141,0-18,2016
Virginia,Employment Based,455,65+,2016
Virginia,Direct Purchase,692,19-64,2016
Virginia,Direct Purchase,180,0-18,2016
Virginia,Direct Purchase,414,65+,2016
Virginia,Covered by TRICARE,319,19-64,2016
Virginia,Covered by TRICARE,169,0-18,2016
Virginia,Covered by TRICARE,155,65+,2016
Virginia,Medicaid,333,19-64,2016
Virginia,Medicaid,515,0-18,2016
Virginia,Medicaid,103,65+,2016
Virginia,Medicare,175,19-64,2016
Virginia,Medicare,14,0-18,2016
Virginia,Medicare,1149,65+,2016
Virginia,Uninsured,606,19-64,2016
Virginia,Uninsured,99,0-18,2016
Virginia,Uninsured,10,65+,2016
Washington,Employment Based,2835,19-64,2016
Washington,Employment Based,916,0-18,2016
Washington,Employment Based,359,65+,2016
Washington,Direct Purchase,505,19-64,2016
Washington,Direct Purchase,131,0-18,2016
Washington,Direct Purchase,375,65+,2016
Washington,Covered by TRICARE,151,19-64,2016
Washington,Covered by TRICARE,80,0-18,2016
Washington,Covered by TRICARE,88,65+,2016
Washington,Medicaid,719,19-64,2016
Washington,Medicaid,671,0-18,2016
Washington,Medicaid,129,65+,2016
Washington,Medicare,153,19-64,2016
Washington,Medicare,8,0-18,2016
Washington,Medicare,1016,65+,2016
Washington,Uninsured,375,19-64,2016
Washington,Uninsured,46,0-18,2016
Washington,Uninsured,7,65+,2016
West Virginia,Employment Based,622,19-64,2016
West Virginia,Employment Based,196,0-18,2016
West Virginia,Employment Based,131,65+,2016
West Virginia,Direct Purchase,83,19-64,2016
West Virginia,Direct Purchase,19,0-18,2016
West Virginia,Direct Purchase,95,65+,2016
West Virginia,Covered by TRICARE,17,19-64,2016
West Virginia,Covered by TRICARE,6,0-18,2016
West Virginia,Covered by TRICARE,18,65+,2016
West Virginia,Medicaid,281,19-64,2016
West Virginia,Medicaid,198,0-18,2016
West Virginia,Medicaid,41,65+,2016
West Virginia,Medicare,82,19-64,2016
West Virginia,Medicare,3,0-18,2016
West Virginia,Medicare,328,65+,2016
West Virginia,Uninsured,86,19-64,2016
West Virginia,Uninsured,9,0-18,2016
West Virginia,Uninsured,1,65+,2016
Wisconsin,Employment Based,2409,19-64,2016
Wisconsin,Employment Based,867,0-18,2016
Wisconsin,Employment Based,245,65+,2016
Wisconsin,Direct Purchase,404,19-64,2016
Wisconsin,Direct Purchase,77,0-18,2016
Wisconsin,Direct Purchase,386,65+,2016
Wisconsin,Covered by TRICARE,37,19-64,2016
Wisconsin,Covered by TRICARE,17,0-18,2016
Wisconsin,Covered by TRICARE,34,65+,2016
Wisconsin,Medicaid,457,19-64,2016
Wisconsin,Medicaid,444,0-18,2016
Wisconsin,Medicaid,113,65+,2016
Wisconsin,Medicare,127,19-64,2016
Wisconsin,Medicare,6,0-18,2016
Wisconsin,Medicare,880,65+,2016
Wisconsin,Uninsured,248,19-64,2016
Wisconsin,Uninsured,50,0-18,2016
Wisconsin,Uninsured,3,65+,2016
Wyoming,Employment Based,221,19-64,2016
Wyoming,Employment Based,90,0-18,2016
Wyoming,Employment Based,26,65+,2016
Wyoming,Direct Purchase,45,19-64,2016
Wyoming,Direct Purchase,14,0-18,2016
Wyoming,Direct Purchase,35,65+,2016
Wyoming,Covered by TRICARE,9,19-64,2016
Wyoming,Covered by TRICARE,5,0-18,2016
Wyoming,Covered by TRICARE,5,65+,2016
Wyoming,Medicaid,25,19-64,2016
Wyoming,Medicaid,36,0-18,2016
Wyoming,Medicaid,9,65+,2016
Wyoming,Medicare,11,19-64,2016
Wyoming,Medicare,0,0-18,2016
Wyoming,Medicare,83,65+,2016
Wyoming,Uninsured,53,19-64,2016
Wyoming,Uninsured,13,0-18,2016
Wyoming,Uninsured,1,65+,2016
